program,source_filename,source_page,persisted_document_page,detector_document_page,detector_status,detector_candidate_count,edge_candidate,edge_position,edge_candidate_status,anchor_type,observed_offset,segment_id,segment_offset,segment_confidence,proposed_document_page,resolution_class,human_review_required,visual_page_number,visual_position,source_image_present
AIT,ait_page_023.png,23,,19,DIRECT_DETECTED,1,,,NOT_APPLICABLE,DETECTOR,4,AIT_023_026,4,STRONG,,DIRECT_DETECTED,False,,,True
AIT,ait_page_024.png,24,,20,DIRECT_DETECTED,1,,,NOT_APPLICABLE,DETECTOR,4,AIT_023_026,4,STRONG,,DIRECT_DETECTED,False,,,True
AIT,ait_page_025.png,25,,21,DIRECT_DETECTED,1,,,NOT_APPLICABLE,DETECTOR,4,AIT_023_026,4,STRONG,,DIRECT_DETECTED,False,,,True
AIT,ait_page_026.png,26,,22,DIRECT_DETECTED,1,,,NOT_APPLICABLE,DETECTOR,4,AIT_023_026,4,STRONG,,DIRECT_DETECTED,False,,,True
AIT,ait_page_287.png,287,,283,DIRECT_DETECTED,1,,,NOT_APPLICABLE,DETECTOR,4,AIT_287_302,4,STRONG,,DIRECT_DETECTED,False,,,True
AIT,ait_page_288.png,288,,284,DIRECT_DETECTED,1,,,NOT_APPLICABLE,DETECTOR,4,AIT_287_302,4,STRONG,,DIRECT_DETECTED,False,,,True
AIT,ait_page_289.png,289,,285,DIRECT_DETECTED,1,,,NOT_APPLICABLE,DETECTOR,4,AIT_287_302,4,STRONG,,DIRECT_DETECTED,False,,,True
AIT,ait_page_290.png,290,,286,DIRECT_DETECTED,1,,,NOT_APPLICABLE,DETECTOR,4,AIT_287_302,4,STRONG,,DIRECT_DETECTED,False,,,True
AIT,ait_page_291.png,291,,287,DIRECT_DETECTED,1,,,NOT_APPLICABLE,DETECTOR,4,AIT_287_302,4,STRONG,,DIRECT_DETECTED,False,,,True
AIT,ait_page_292.png,292,,288,DIRECT_DETECTED,1,,,NOT_APPLICABLE,DETECTOR,4,AIT_287_302,4,STRONG,,DIRECT_DETECTED,False,,,True
AIT,ait_page_293.png,293,,289,DIRECT_DETECTED,1,,,NOT_APPLICABLE,DETECTOR,4,AIT_287_302,4,STRONG,,DIRECT_DETECTED,False,,,True
AIT,ait_page_294.png,294,,290,DIRECT_DETECTED,1,,,NOT_APPLICABLE,DETECTOR,4,AIT_287_302,4,STRONG,,DIRECT_DETECTED,False,,,True
AIT,ait_page_295.png,295,,291,DIRECT_DETECTED,1,,,NOT_APPLICABLE,DETECTOR,4,AIT_287_302,4,STRONG,,DIRECT_DETECTED,False,,,True
AIT,ait_page_296.png,296,,292,DIRECT_DETECTED,1,,,NOT_APPLICABLE,DETECTOR,4,AIT_287_302,4,STRONG,,DIRECT_DETECTED,False,,,True
AIT,ait_page_297.png,297,,293,DIRECT_DETECTED,1,,,NOT_APPLICABLE,DETECTOR,4,AIT_287_302,4,STRONG,,DIRECT_DETECTED,False,,,True
AIT,ait_page_298.png,298,,294,DIRECT_DETECTED,1,,,NOT_APPLICABLE,DETECTOR,4,AIT_287_302,4,STRONG,,DIRECT_DETECTED,False,,,True
AIT,ait_page_299.png,299,,295,DIRECT_DETECTED,1,,,NOT_APPLICABLE,DETECTOR,4,AIT_287_302,4,STRONG,,DIRECT_DETECTED,False,,,True
AIT,ait_page_300.png,300,,296,DIRECT_DETECTED,1,,,NOT_APPLICABLE,DETECTOR,4,AIT_287_302,4,STRONG,,DIRECT_DETECTED,False,,,True
AIT,ait_page_301.png,301,,297,DIRECT_DETECTED,1,,,NOT_APPLICABLE,DETECTOR,4,AIT_287_302,4,STRONG,,DIRECT_DETECTED,False,,,True
AIT,ait_page_302.png,302,,298,DIRECT_DETECTED,1,,,NOT_APPLICABLE,DETECTOR,4,AIT_287_302,4,STRONG,,DIRECT_DETECTED,False,,,True
DSBA,dsba_page_026.png,26,,21,DIRECT_DETECTED,1,,,NOT_APPLICABLE,DETECTOR,5,DSBA_026_039,5,STRONG,,DIRECT_DETECTED,False,,,True
DSBA,dsba_page_027.png,27,,22,DIRECT_DETECTED,1,,,NOT_APPLICABLE,DETECTOR,5,DSBA_026_039,5,STRONG,,DIRECT_DETECTED,False,,,True
DSBA,dsba_page_028.png,28,,,AMBIGUOUS,2,23,TOP,EDGE_AMBIGUOUS,EDGE_VISUAL,5,DSBA_026_039,5,STRONG,,VISUALLY_RESOLVED,False,23,TOP,True
DSBA,dsba_page_029.png,29,,24,DIRECT_DETECTED,1,,,NOT_APPLICABLE,DETECTOR,5,DSBA_026_039,5,STRONG,,DIRECT_DETECTED,False,,,True
DSBA,dsba_page_030.png,30,,,AMBIGUOUS,2,25,TOP,EDGE_AMBIGUOUS,EDGE_VISUAL,5,DSBA_026_039,5,STRONG,,VISUALLY_RESOLVED,False,25,TOP,True
DSBA,dsba_page_031.png,31,,26,DIRECT_DETECTED,1,,,NOT_APPLICABLE,DETECTOR,5,DSBA_026_039,5,STRONG,,DIRECT_DETECTED,False,,,True
DSBA,dsba_page_032.png,32,,,AMBIGUOUS,3,27,TOP,EDGE_AMBIGUOUS,EDGE_VISUAL,5,DSBA_026_039,5,STRONG,,VISUALLY_RESOLVED,False,27,TOP,True
DSBA,dsba_page_033.png,33,,28,DIRECT_DETECTED,1,,,NOT_APPLICABLE,DETECTOR,5,DSBA_026_039,5,STRONG,,DIRECT_DETECTED,False,,,True
DSBA,dsba_page_034.png,34,,29,DIRECT_DETECTED,1,,,NOT_APPLICABLE,DETECTOR,5,DSBA_026_039,5,STRONG,,DIRECT_DETECTED,False,,,True
DSBA,dsba_page_035.png,35,,,AMBIGUOUS,2,30,TOP,EDGE_AMBIGUOUS,EDGE_VISUAL,5,DSBA_026_039,5,STRONG,,VISUALLY_RESOLVED,False,30,TOP,True
DSBA,dsba_page_036.png,36,,31,DIRECT_DETECTED,1,,,NOT_APPLICABLE,DETECTOR,5,DSBA_026_039,5,STRONG,,DIRECT_DETECTED,False,,,True
DSBA,dsba_page_037.png,37,,,AMBIGUOUS,2,32,TOP,EDGE_AMBIGUOUS,EDGE_VISUAL,5,DSBA_026_039,5,STRONG,,VISUALLY_RESOLVED,False,32,TOP,True
DSBA,dsba_page_038.png,38,,33,DIRECT_DETECTED,1,,,NOT_APPLICABLE,DETECTOR,5,DSBA_026_039,5,STRONG,,DIRECT_DETECTED,False,,,True
DSBA,dsba_page_039.png,39,,,AMBIGUOUS,2,34,TOP,EDGE_AMBIGUOUS,EDGE_VISUAL,5,DSBA_026_039,5,STRONG,,VISUALLY_RESOLVED,False,34,TOP,True
DSBA,dsba_page_317.png,317,,,AMBIGUOUS,2,312,TOP,EDGE_AMBIGUOUS,EDGE_VISUAL,5,DSBA_317_344,5,STRONG,,VISUALLY_RESOLVED,False,312,TOP,True
DSBA,dsba_page_318.png,318,,,AMBIGUOUS,2,313,TOP,EDGE_AMBIGUOUS,EDGE_VISUAL,5,DSBA_317_344,5,STRONG,,VISUALLY_RESOLVED,False,313,TOP,True
DSBA,dsba_page_319.png,319,,,AMBIGUOUS,2,314,TOP,EDGE_AMBIGUOUS,EDGE_VISUAL,5,DSBA_317_344,5,STRONG,,VISUALLY_RESOLVED,False,314,TOP,True
DSBA,dsba_page_320.png,320,,,AMBIGUOUS,2,315,TOP,EDGE_AMBIGUOUS,EDGE_VISUAL,5,DSBA_317_344,5,STRONG,,VISUALLY_RESOLVED,False,315,TOP,True
DSBA,dsba_page_321.png,321,,,AMBIGUOUS,2,316,TOP,EDGE_AMBIGUOUS,EDGE_VISUAL,5,DSBA_317_344,5,STRONG,,VISUALLY_RESOLVED,False,316,TOP,True
DSBA,dsba_page_322.png,322,,,AMBIGUOUS,2,317,TOP,EDGE_AMBIGUOUS,EDGE_VISUAL,5,DSBA_317_344,5,STRONG,,VISUALLY_RESOLVED,False,317,TOP,True
DSBA,dsba_page_323.png,323,,,AMBIGUOUS,2,318,TOP,EDGE_AMBIGUOUS,EDGE_VISUAL,5,DSBA_317_344,5,STRONG,,VISUALLY_RESOLVED,False,318,TOP,True
DSBA,dsba_page_324.png,324,,,AMBIGUOUS,2,319,TOP,EDGE_AMBIGUOUS,EDGE_VISUAL,5,DSBA_317_344,5,STRONG,,VISUALLY_RESOLVED,False,319,TOP,True
DSBA,dsba_page_325.png,325,,,AMBIGUOUS,2,320,TOP,EDGE_AMBIGUOUS,EDGE_VISUAL,5,DSBA_317_344,5,STRONG,,VISUALLY_RESOLVED,False,320,TOP,True
DSBA,dsba_page_326.png,326,,,AMBIGUOUS,2,321,TOP,EDGE_AMBIGUOUS,EDGE_VISUAL,5,DSBA_317_344,5,STRONG,,VISUALLY_RESOLVED,False,321,TOP,True
DSBA,dsba_page_327.png,327,,,AMBIGUOUS,2,322,TOP,EDGE_AMBIGUOUS,EDGE_VISUAL,5,DSBA_317_344,5,STRONG,,VISUALLY_RESOLVED,False,322,TOP,True
DSBA,dsba_page_328.png,328,,,AMBIGUOUS,2,323,TOP,EDGE_AMBIGUOUS,EDGE_VISUAL,5,DSBA_317_344,5,STRONG,,VISUALLY_RESOLVED,False,323,TOP,True
DSBA,dsba_page_329.png,329,,,AMBIGUOUS,2,324,TOP,EDGE_AMBIGUOUS,EDGE_VISUAL,5,DSBA_317_344,5,STRONG,,VISUALLY_RESOLVED,False,324,TOP,True
DSBA,dsba_page_330.png,330,,,AMBIGUOUS,2,325,TOP,EDGE_AMBIGUOUS,EDGE_VISUAL,5,DSBA_317_344,5,STRONG,,VISUALLY_RESOLVED,False,325,TOP,True
DSBA,dsba_page_331.png,331,,,AMBIGUOUS,2,326,TOP,EDGE_AMBIGUOUS,EDGE_VISUAL,5,DSBA_317_344,5,STRONG,,VISUALLY_RESOLVED,False,326,TOP,True
DSBA,dsba_page_332.png,332,,,AMBIGUOUS,2,327,TOP,EDGE_AMBIGUOUS,EDGE_VISUAL,5,DSBA_317_344,5,STRONG,,VISUALLY_RESOLVED,False,327,TOP,True
DSBA,dsba_page_333.png,333,,,AMBIGUOUS,2,328,TOP,EDGE_AMBIGUOUS,EDGE_VISUAL,5,DSBA_317_344,5,STRONG,,VISUALLY_RESOLVED,False,328,TOP,True
DSBA,dsba_page_334.png,334,,,AMBIGUOUS,2,329,TOP,EDGE_AMBIGUOUS,EDGE_VISUAL,5,DSBA_317_344,5,STRONG,,VISUALLY_RESOLVED,False,329,TOP,True
DSBA,dsba_page_335.png,335,,,AMBIGUOUS,2,330,TOP,EDGE_AMBIGUOUS,EDGE_VISUAL,5,DSBA_317_344,5,STRONG,,VISUALLY_RESOLVED,False,330,TOP,True
DSBA,dsba_page_336.png,336,,,AMBIGUOUS,2,331,TOP,EDGE_AMBIGUOUS,EDGE_VISUAL,5,DSBA_317_344,5,STRONG,,VISUALLY_RESOLVED,False,331,TOP,True
DSBA,dsba_page_337.png,337,,,AMBIGUOUS,2,332,TOP,EDGE_AMBIGUOUS,EDGE_VISUAL,5,DSBA_317_344,5,STRONG,,VISUALLY_RESOLVED,False,332,TOP,True
DSBA,dsba_page_338.png,338,,,AMBIGUOUS,2,333,TOP,EDGE_AMBIGUOUS,EDGE_VISUAL,5,DSBA_317_344,5,STRONG,,VISUALLY_RESOLVED,False,333,TOP,True
DSBA,dsba_page_339.png,339,,,AMBIGUOUS,2,334,TOP,EDGE_AMBIGUOUS,EDGE_VISUAL,5,DSBA_317_344,5,STRONG,,VISUALLY_RESOLVED,False,334,TOP,True
DSBA,dsba_page_340.png,340,,,AMBIGUOUS,2,335,TOP,EDGE_AMBIGUOUS,EDGE_VISUAL,5,DSBA_317_344,5,STRONG,,VISUALLY_RESOLVED,False,335,TOP,True
DSBA,dsba_page_341.png,341,,,AMBIGUOUS,2,336,TOP,EDGE_AMBIGUOUS,EDGE_VISUAL,5,DSBA_317_344,5,STRONG,,VISUALLY_RESOLVED,False,336,TOP,True
DSBA,dsba_page_342.png,342,,,AMBIGUOUS,2,337,TOP,EDGE_AMBIGUOUS,EDGE_VISUAL,5,DSBA_317_344,5,STRONG,,VISUALLY_RESOLVED,False,337,TOP,True
DSBA,dsba_page_343.png,343,,,AMBIGUOUS,2,338,TOP,EDGE_AMBIGUOUS,EDGE_VISUAL,5,DSBA_317_344,5,STRONG,,VISUALLY_RESOLVED,False,338,TOP,True
DSBA,dsba_page_344.png,344,,,AMBIGUOUS,2,339,TOP,EDGE_AMBIGUOUS,EDGE_VISUAL,5,DSBA_317_344,5,STRONG,,VISUALLY_RESOLVED,False,339,TOP,True
GENED,gened_page_016.png,16,,12,DIRECT_DETECTED,1,,,NOT_APPLICABLE,DETECTOR,4,GENED_016_030,4,STRONG,,DIRECT_DETECTED,False,,,True
GENED,gened_page_017.png,17,,13,DIRECT_DETECTED,1,,,NOT_APPLICABLE,DETECTOR,4,GENED_016_030,4,STRONG,,DIRECT_DETECTED,False,,,True
GENED,gened_page_018.png,18,,14,DIRECT_DETECTED,1,,,NOT_APPLICABLE,DETECTOR,4,GENED_016_030,4,STRONG,,DIRECT_DETECTED,False,,,True
GENED,gened_page_019.png,19,,15,DIRECT_DETECTED,1,,,NOT_APPLICABLE,DETECTOR,4,GENED_016_030,4,STRONG,,DIRECT_DETECTED,False,,,True
GENED,gened_page_020.png,20,,16,DIRECT_DETECTED,1,,,NOT_APPLICABLE,DETECTOR,4,GENED_016_030,4,STRONG,,DIRECT_DETECTED,False,,,True
GENED,gened_page_021.png,21,,17,DIRECT_DETECTED,1,,,NOT_APPLICABLE,DETECTOR,4,GENED_016_030,4,STRONG,,DIRECT_DETECTED,False,,,True
GENED,gened_page_022.png,22,,18,DIRECT_DETECTED,1,,,NOT_APPLICABLE,DETECTOR,4,GENED_016_030,4,STRONG,,DIRECT_DETECTED,False,,,True
GENED,gened_page_023.png,23,,19,DIRECT_DETECTED,1,,,NOT_APPLICABLE,DETECTOR,4,GENED_016_030,4,STRONG,,DIRECT_DETECTED,False,,,True
GENED,gened_page_024.png,24,,20,DIRECT_DETECTED,1,,,NOT_APPLICABLE,DETECTOR,4,GENED_016_030,4,STRONG,,DIRECT_DETECTED,False,,,True
GENED,gened_page_025.png,25,,21,DIRECT_DETECTED,1,,,NOT_APPLICABLE,DETECTOR,4,GENED_016_030,4,STRONG,,DIRECT_DETECTED,False,,,True
GENED,gened_page_026.png,26,,22,DIRECT_DETECTED,1,,,NOT_APPLICABLE,DETECTOR,4,GENED_016_030,4,STRONG,,DIRECT_DETECTED,False,,,True
GENED,gened_page_027.png,27,,23,DIRECT_DETECTED,1,,,NOT_APPLICABLE,DETECTOR,4,GENED_016_030,4,STRONG,,DIRECT_DETECTED,False,,,True
GENED,gened_page_028.png,28,,24,DIRECT_DETECTED,1,,,NOT_APPLICABLE,DETECTOR,4,GENED_016_030,4,STRONG,,DIRECT_DETECTED,False,,,True
GENED,gened_page_029.png,29,,25,DIRECT_DETECTED,1,,,NOT_APPLICABLE,DETECTOR,4,GENED_016_030,4,STRONG,,DIRECT_DETECTED,False,,,True
GENED,gened_page_030.png,30,,26,DIRECT_DETECTED,1,,,NOT_APPLICABLE,DETECTOR,4,GENED_016_030,4,STRONG,,DIRECT_DETECTED,False,,,True
GENED,gened_page_044.png,44,,40,DIRECT_DETECTED,1,,,NOT_APPLICABLE,DETECTOR,4,GENED_044_117,4,STRONG,,DIRECT_DETECTED,False,,,True
GENED,gened_page_045.png,45,,41,DIRECT_DETECTED,1,,,NOT_APPLICABLE,DETECTOR,4,GENED_044_117,4,STRONG,,DIRECT_DETECTED,False,,,True
GENED,gened_page_046.png,46,,42,DIRECT_DETECTED,1,,,NOT_APPLICABLE,DETECTOR,4,GENED_044_117,4,STRONG,,DIRECT_DETECTED,False,,,True
GENED,gened_page_047.png,47,,43,DIRECT_DETECTED,1,,,NOT_APPLICABLE,DETECTOR,4,GENED_044_117,4,STRONG,,DIRECT_DETECTED,False,,,True
GENED,gened_page_048.png,48,,44,DIRECT_DETECTED,1,,,NOT_APPLICABLE,DETECTOR,4,GENED_044_117,4,STRONG,,DIRECT_DETECTED,False,,,True
GENED,gened_page_049.png,49,,45,DIRECT_DETECTED,1,,,NOT_APPLICABLE,DETECTOR,4,GENED_044_117,4,STRONG,,DIRECT_DETECTED,False,,,True
GENED,gened_page_050.png,50,,46,DIRECT_DETECTED,1,,,NOT_APPLICABLE,DETECTOR,4,GENED_044_117,4,STRONG,,DIRECT_DETECTED,False,,,True
GENED,gened_page_051.png,51,,47,DIRECT_DETECTED,1,,,NOT_APPLICABLE,DETECTOR,4,GENED_044_117,4,STRONG,,DIRECT_DETECTED,False,,,True
GENED,gened_page_052.png,52,,48,DIRECT_DETECTED,1,,,NOT_APPLICABLE,DETECTOR,4,GENED_044_117,4,STRONG,,DIRECT_DETECTED,False,,,True
GENED,gened_page_053.png,53,,49,DIRECT_DETECTED,1,,,NOT_APPLICABLE,DETECTOR,4,GENED_044_117,4,STRONG,,DIRECT_DETECTED,False,,,True
GENED,gened_page_054.png,54,,50,DIRECT_DETECTED,1,,,NOT_APPLICABLE,DETECTOR,4,GENED_044_117,4,STRONG,,DIRECT_DETECTED,False,,,True
GENED,gened_page_055.png,55,,51,DIRECT_DETECTED,1,,,NOT_APPLICABLE,DETECTOR,4,GENED_044_117,4,STRONG,,DIRECT_DETECTED,False,,,True
GENED,gened_page_056.png,56,,52,DIRECT_DETECTED,1,,,NOT_APPLICABLE,DETECTOR,4,GENED_044_117,4,STRONG,,DIRECT_DETECTED,False,,,True
GENED,gened_page_057.png,57,,53,DIRECT_DETECTED,1,,,NOT_APPLICABLE,DETECTOR,4,GENED_044_117,4,STRONG,,DIRECT_DETECTED,False,,,True
GENED,gened_page_058.png,58,,54,DIRECT_DETECTED,1,,,NOT_APPLICABLE,DETECTOR,4,GENED_044_117,4,STRONG,,DIRECT_DETECTED,False,,,True
GENED,gened_page_059.png,59,,55,DIRECT_DETECTED,1,,,NOT_APPLICABLE,DETECTOR,4,GENED_044_117,4,STRONG,,DIRECT_DETECTED,False,,,True
GENED,gened_page_060.png,60,,56,DIRECT_DETECTED,1,,,NOT_APPLICABLE,DETECTOR,4,GENED_044_117,4,STRONG,,DIRECT_DETECTED,False,,,True
GENED,gened_page_061.png,61,,57,DIRECT_DETECTED,1,,,NOT_APPLICABLE,DETECTOR,4,GENED_044_117,4,STRONG,,DIRECT_DETECTED,False,,,True
GENED,gened_page_062.png,62,,58,DIRECT_DETECTED,1,,,NOT_APPLICABLE,DETECTOR,4,GENED_044_117,4,STRONG,,DIRECT_DETECTED,False,,,True
GENED,gened_page_063.png,63,,59,DIRECT_DETECTED,1,,,NOT_APPLICABLE,DETECTOR,4,GENED_044_117,4,STRONG,,DIRECT_DETECTED,False,,,True
GENED,gened_page_064.png,64,,60,DIRECT_DETECTED,1,,,NOT_APPLICABLE,DETECTOR,4,GENED_044_117,4,STRONG,,DIRECT_DETECTED,False,,,True
GENED,gened_page_065.png,65,,61,DIRECT_DETECTED,1,,,NOT_APPLICABLE,DETECTOR,4,GENED_044_117,4,STRONG,,DIRECT_DETECTED,False,,,True
GENED,gened_page_066.png,66,,62,DIRECT_DETECTED,1,,,NOT_APPLICABLE,DETECTOR,4,GENED_044_117,4,STRONG,,DIRECT_DETECTED,False,,,True
GENED,gened_page_067.png,67,,63,DIRECT_DETECTED,1,,,NOT_APPLICABLE,DETECTOR,4,GENED_044_117,4,STRONG,,DIRECT_DETECTED,False,,,True
GENED,gened_page_068.png,68,,64,DIRECT_DETECTED,1,,,NOT_APPLICABLE,DETECTOR,4,GENED_044_117,4,STRONG,,DIRECT_DETECTED,False,,,True
GENED,gened_page_069.png,69,,65,DIRECT_DETECTED,1,,,NOT_APPLICABLE,DETECTOR,4,GENED_044_117,4,STRONG,,DIRECT_DETECTED,False,,,True
GENED,gened_page_070.png,70,,66,DIRECT_DETECTED,1,,,NOT_APPLICABLE,DETECTOR,4,GENED_044_117,4,STRONG,,DIRECT_DETECTED,False,,,True
GENED,gened_page_071.png,71,,67,DIRECT_DETECTED,1,,,NOT_APPLICABLE,DETECTOR,4,GENED_044_117,4,STRONG,,DIRECT_DETECTED,False,,,True
GENED,gened_page_072.png,72,,68,DIRECT_DETECTED,1,,,NOT_APPLICABLE,DETECTOR,4,GENED_044_117,4,STRONG,,DIRECT_DETECTED,False,,,True
GENED,gened_page_073.png,73,,69,DIRECT_DETECTED,1,,,NOT_APPLICABLE,DETECTOR,4,GENED_044_117,4,STRONG,,DIRECT_DETECTED,False,,,True
GENED,gened_page_074.png,74,,,NO_CURRENT_CANDIDATE,0,,,NO_EDGE_CANDIDATE,,,GENED_044_117,4,STRONG,70,SAFE_OFFSET_CANDIDATE,False,,,True
GENED,gened_page_075.png,75,,71,DIRECT_DETECTED,1,,,NOT_APPLICABLE,DETECTOR,4,GENED_044_117,4,STRONG,,DIRECT_DETECTED,False,,,True
GENED,gened_page_076.png,76,,72,DIRECT_DETECTED,1,,,NOT_APPLICABLE,DETECTOR,4,GENED_044_117,4,STRONG,,DIRECT_DETECTED,False,,,True
GENED,gened_page_077.png,77,,73,DIRECT_DETECTED,1,,,NOT_APPLICABLE,DETECTOR,4,GENED_044_117,4,STRONG,,DIRECT_DETECTED,False,,,True
GENED,gened_page_078.png,78,,74,DIRECT_DETECTED,1,,,NOT_APPLICABLE,DETECTOR,4,GENED_044_117,4,STRONG,,DIRECT_DETECTED,False,,,True
GENED,gened_page_079.png,79,,75,DIRECT_DETECTED,1,,,NOT_APPLICABLE,DETECTOR,4,GENED_044_117,4,STRONG,,DIRECT_DETECTED,False,,,True
GENED,gened_page_080.png,80,,76,DIRECT_DETECTED,1,,,NOT_APPLICABLE,DETECTOR,4,GENED_044_117,4,STRONG,,DIRECT_DETECTED,False,,,True
GENED,gened_page_081.png,81,,,NO_CURRENT_CANDIDATE,0,,,NO_EDGE_CANDIDATE,,,GENED_044_117,4,STRONG,77,SAFE_OFFSET_CANDIDATE,False,,,True
GENED,gened_page_082.png,82,,78,DIRECT_DETECTED,1,,,NOT_APPLICABLE,DETECTOR,4,GENED_044_117,4,STRONG,,DIRECT_DETECTED,False,,,True
GENED,gened_page_083.png,83,,79,DIRECT_DETECTED,1,,,NOT_APPLICABLE,DETECTOR,4,GENED_044_117,4,STRONG,,DIRECT_DETECTED,False,,,True
GENED,gened_page_084.png,84,,80,DIRECT_DETECTED,1,,,NOT_APPLICABLE,DETECTOR,4,GENED_044_117,4,STRONG,,DIRECT_DETECTED,False,,,True
GENED,gened_page_085.png,85,,81,DIRECT_DETECTED,1,,,NOT_APPLICABLE,DETECTOR,4,GENED_044_117,4,STRONG,,DIRECT_DETECTED,False,,,True
GENED,gened_page_086.png,86,,,NO_CURRENT_CANDIDATE,0,82,BOTTOM,EDGE_PLAUSIBLE_SINGLE,EDGE_VISUAL,4,GENED_044_117,4,STRONG,,VISUALLY_RESOLVED,False,82,BOTTOM,True
GENED,gened_page_087.png,87,,83,DIRECT_DETECTED,1,,,NOT_APPLICABLE,DETECTOR,4,GENED_044_117,4,STRONG,,DIRECT_DETECTED,False,,,True
GENED,gened_page_088.png,88,,84,DIRECT_DETECTED,1,,,NOT_APPLICABLE,DETECTOR,4,GENED_044_117,4,STRONG,,DIRECT_DETECTED,False,,,True
GENED,gened_page_089.png,89,,85,DIRECT_DETECTED,1,,,NOT_APPLICABLE,DETECTOR,4,GENED_044_117,4,STRONG,,DIRECT_DETECTED,False,,,True
GENED,gened_page_090.png,90,,86,DIRECT_DETECTED,1,,,NOT_APPLICABLE,DETECTOR,4,GENED_044_117,4,STRONG,,DIRECT_DETECTED,False,,,True
GENED,gened_page_091.png,91,,87,DIRECT_DETECTED,1,,,NOT_APPLICABLE,DETECTOR,4,GENED_044_117,4,STRONG,,DIRECT_DETECTED,False,,,True
GENED,gened_page_092.png,92,,88,DIRECT_DETECTED,1,,,NOT_APPLICABLE,DETECTOR,4,GENED_044_117,4,STRONG,,DIRECT_DETECTED,False,,,True
GENED,gened_page_093.png,93,,89,DIRECT_DETECTED,1,,,NOT_APPLICABLE,DETECTOR,4,GENED_044_117,4,STRONG,,DIRECT_DETECTED,False,,,True
GENED,gened_page_094.png,94,,90,DIRECT_DETECTED,1,,,NOT_APPLICABLE,DETECTOR,4,GENED_044_117,4,STRONG,,DIRECT_DETECTED,False,,,True
GENED,gened_page_095.png,95,,91,DIRECT_DETECTED,1,,,NOT_APPLICABLE,DETECTOR,4,GENED_044_117,4,STRONG,,DIRECT_DETECTED,False,,,True
GENED,gened_page_096.png,96,,92,DIRECT_DETECTED,1,,,NOT_APPLICABLE,DETECTOR,4,GENED_044_117,4,STRONG,,DIRECT_DETECTED,False,,,True
GENED,gened_page_097.png,97,,93,DIRECT_DETECTED,1,,,NOT_APPLICABLE,DETECTOR,4,GENED_044_117,4,STRONG,,DIRECT_DETECTED,False,,,True
GENED,gened_page_098.png,98,,94,DIRECT_DETECTED,1,,,NOT_APPLICABLE,DETECTOR,4,GENED_044_117,4,STRONG,,DIRECT_DETECTED,False,,,True
GENED,gened_page_099.png,99,,95,DIRECT_DETECTED,1,,,NOT_APPLICABLE,DETECTOR,4,GENED_044_117,4,STRONG,,DIRECT_DETECTED,False,,,True
GENED,gened_page_100.png,100,,96,DIRECT_DETECTED,1,,,NOT_APPLICABLE,DETECTOR,4,GENED_044_117,4,STRONG,,DIRECT_DETECTED,False,,,True
GENED,gened_page_101.png,101,,97,DIRECT_DETECTED,1,,,NOT_APPLICABLE,DETECTOR,4,GENED_044_117,4,STRONG,,DIRECT_DETECTED,False,,,True
GENED,gened_page_102.png,102,,98,DIRECT_DETECTED,1,,,NOT_APPLICABLE,DETECTOR,4,GENED_044_117,4,STRONG,,DIRECT_DETECTED,False,,,True
GENED,gened_page_103.png,103,,99,DIRECT_DETECTED,1,,,NOT_APPLICABLE,DETECTOR,4,GENED_044_117,4,STRONG,,DIRECT_DETECTED,False,,,True
GENED,gened_page_104.png,104,,,NO_CURRENT_CANDIDATE,0,,,NO_EDGE_CANDIDATE,,,GENED_044_117,4,STRONG,100,SAFE_OFFSET_CANDIDATE,False,,,True
GENED,gened_page_105.png,105,,101,DIRECT_DETECTED,1,,,NOT_APPLICABLE,DETECTOR,4,GENED_044_117,4,STRONG,,DIRECT_DETECTED,False,,,True
GENED,gened_page_106.png,106,,102,DIRECT_DETECTED,1,,,NOT_APPLICABLE,DETECTOR,4,GENED_044_117,4,STRONG,,DIRECT_DETECTED,False,,,True
GENED,gened_page_107.png,107,,103,DIRECT_DETECTED,1,,,NOT_APPLICABLE,DETECTOR,4,GENED_044_117,4,STRONG,,DIRECT_DETECTED,False,,,True
GENED,gened_page_108.png,108,,104,DIRECT_DETECTED,1,,,NOT_APPLICABLE,DETECTOR,4,GENED_044_117,4,STRONG,,DIRECT_DETECTED,False,,,True
GENED,gened_page_109.png,109,,105,DIRECT_DETECTED,1,,,NOT_APPLICABLE,DETECTOR,4,GENED_044_117,4,STRONG,,DIRECT_DETECTED,False,,,True
GENED,gened_page_110.png,110,,106,DIRECT_DETECTED,1,,,NOT_APPLICABLE,DETECTOR,4,GENED_044_117,4,STRONG,,DIRECT_DETECTED,False,,,True
GENED,gened_page_111.png,111,,,NO_CURRENT_CANDIDATE,0,107,BOTTOM,EDGE_PLAUSIBLE_SINGLE,EDGE_VISUAL,4,GENED_044_117,4,STRONG,,VISUALLY_RESOLVED,False,107,BOTTOM,True
GENED,gened_page_112.png,112,,108,DIRECT_DETECTED,1,,,NOT_APPLICABLE,DETECTOR,4,GENED_044_117,4,STRONG,,DIRECT_DETECTED,False,,,True
GENED,gened_page_113.png,113,,109,DIRECT_DETECTED,1,,,NOT_APPLICABLE,DETECTOR,4,GENED_044_117,4,STRONG,,DIRECT_DETECTED,False,,,True
GENED,gened_page_114.png,114,,110,DIRECT_DETECTED,1,,,NOT_APPLICABLE,DETECTOR,4,GENED_044_117,4,STRONG,,DIRECT_DETECTED,False,,,True
GENED,gened_page_115.png,115,,111,DIRECT_DETECTED,1,,,NOT_APPLICABLE,DETECTOR,4,GENED_044_117,4,STRONG,,DIRECT_DETECTED,False,,,True
GENED,gened_page_116.png,116,,112,DIRECT_DETECTED,1,,,NOT_APPLICABLE,DETECTOR,4,GENED_044_117,4,STRONG,,DIRECT_DETECTED,False,,,True
GENED,gened_page_117.png,117,,113,DIRECT_DETECTED,1,,,NOT_APPLICABLE,DETECTOR,4,GENED_044_117,4,STRONG,,DIRECT_DETECTED,False,,,True
IT,it_page_032.png,32,,,AMBIGUOUS,2,27,TOP,EDGE_AMBIGUOUS,EDGE_VISUAL,5,IT_032_045,5,STRONG,,VISUALLY_RESOLVED,False,27,TOP,True
IT,it_page_033.png,33,,28,DIRECT_DETECTED,1,,,NOT_APPLICABLE,DETECTOR,5,IT_032_045,5,STRONG,,DIRECT_DETECTED,False,,,True
IT,it_page_034.png,34,,,AMBIGUOUS,2,29,TOP,EDGE_AMBIGUOUS,EDGE_VISUAL,5,IT_032_045,5,STRONG,,VISUALLY_RESOLVED,False,29,TOP,True
IT,it_page_035.png,35,,30,DIRECT_DETECTED,1,,,NOT_APPLICABLE,DETECTOR,5,IT_032_045,5,STRONG,,DIRECT_DETECTED,False,,,True
IT,it_page_036.png,36,,,AMBIGUOUS,2,31,TOP,EDGE_AMBIGUOUS,EDGE_VISUAL,5,IT_032_045,5,STRONG,,VISUALLY_RESOLVED,False,31,TOP,True
IT,it_page_037.png,37,,32,DIRECT_DETECTED,1,,,NOT_APPLICABLE,DETECTOR,5,IT_032_045,5,STRONG,,DIRECT_DETECTED,False,,,True
IT,it_page_038.png,38,,,AMBIGUOUS,3,33,TOP,EDGE_AMBIGUOUS,EDGE_VISUAL,5,IT_032_045,5,STRONG,,VISUALLY_RESOLVED,False,33,TOP,True
IT,it_page_039.png,39,,,AMBIGUOUS,2,34,TOP,EDGE_AMBIGUOUS,EDGE_VISUAL,5,IT_032_045,5,STRONG,,VISUALLY_RESOLVED,False,34,TOP,True
IT,it_page_040.png,40,,35,DIRECT_DETECTED,1,,,NOT_APPLICABLE,DETECTOR,5,IT_032_045,5,STRONG,,DIRECT_DETECTED,False,,,True
IT,it_page_041.png,41,,,AMBIGUOUS,2,36,TOP,EDGE_AMBIGUOUS,EDGE_VISUAL,5,IT_032_045,5,STRONG,,VISUALLY_RESOLVED,False,36,TOP,True
IT,it_page_042.png,42,,37,DIRECT_DETECTED,1,,,NOT_APPLICABLE,DETECTOR,5,IT_032_045,5,STRONG,,DIRECT_DETECTED,False,,,True
IT,it_page_043.png,43,,,AMBIGUOUS,2,38,TOP,EDGE_AMBIGUOUS,EDGE_VISUAL,5,IT_032_045,5,STRONG,,VISUALLY_RESOLVED,False,38,TOP,True
IT,it_page_044.png,44,,39,DIRECT_DETECTED,1,,,NOT_APPLICABLE,DETECTOR,5,IT_032_045,5,STRONG,,DIRECT_DETECTED,False,,,True
IT,it_page_045.png,45,,40,DIRECT_DETECTED,1,,,NOT_APPLICABLE,DETECTOR,5,IT_032_045,5,STRONG,,DIRECT_DETECTED,False,,,True
IT,it_page_328.png,328,,,AMBIGUOUS,2,323,TOP,EDGE_AMBIGUOUS,EDGE_VISUAL,5,IT_328_371,5,STRONG,,VISUALLY_RESOLVED,False,323,TOP,True
IT,it_page_329.png,329,,,AMBIGUOUS,2,324,TOP,EDGE_AMBIGUOUS,EDGE_VISUAL,5,IT_328_371,5,STRONG,,VISUALLY_RESOLVED,False,324,TOP,True
IT,it_page_330.png,330,,,AMBIGUOUS,2,325,TOP,EDGE_AMBIGUOUS,EDGE_VISUAL,5,IT_328_371,5,STRONG,,VISUALLY_RESOLVED,False,325,TOP,True
IT,it_page_331.png,331,,,AMBIGUOUS,2,326,TOP,EDGE_AMBIGUOUS,EDGE_VISUAL,5,IT_328_371,5,STRONG,,VISUALLY_RESOLVED,False,326,TOP,True
IT,it_page_332.png,332,,,AMBIGUOUS,2,327,TOP,EDGE_AMBIGUOUS,EDGE_VISUAL,5,IT_328_371,5,STRONG,,VISUALLY_RESOLVED,False,327,TOP,True
IT,it_page_333.png,333,,,AMBIGUOUS,2,328,TOP,EDGE_AMBIGUOUS,EDGE_VISUAL,5,IT_328_371,5,STRONG,,VISUALLY_RESOLVED,False,328,TOP,True
IT,it_page_334.png,334,,,AMBIGUOUS,2,329,TOP,EDGE_AMBIGUOUS,EDGE_VISUAL,5,IT_328_371,5,STRONG,,VISUALLY_RESOLVED,False,329,TOP,True
IT,it_page_335.png,335,,,AMBIGUOUS,2,330,TOP,EDGE_AMBIGUOUS,EDGE_VISUAL,5,IT_328_371,5,STRONG,,VISUALLY_RESOLVED,False,330,TOP,True
IT,it_page_336.png,336,,,AMBIGUOUS,2,331,TOP,EDGE_AMBIGUOUS,EDGE_VISUAL,5,IT_328_371,5,STRONG,,VISUALLY_RESOLVED,False,331,TOP,True
IT,it_page_337.png,337,,,AMBIGUOUS,2,332,TOP,EDGE_AMBIGUOUS,EDGE_VISUAL,5,IT_328_371,5,STRONG,,VISUALLY_RESOLVED,False,332,TOP,True
IT,it_page_338.png,338,,,AMBIGUOUS,2,333,TOP,EDGE_AMBIGUOUS,EDGE_VISUAL,5,IT_328_371,5,STRONG,,VISUALLY_RESOLVED,False,333,TOP,True
IT,it_page_339.png,339,,,AMBIGUOUS,2,334,TOP,EDGE_AMBIGUOUS,EDGE_VISUAL,5,IT_328_371,5,STRONG,,VISUALLY_RESOLVED,False,334,TOP,True
IT,it_page_340.png,340,,,AMBIGUOUS,2,335,TOP,EDGE_AMBIGUOUS,EDGE_VISUAL,5,IT_328_371,5,STRONG,,VISUALLY_RESOLVED,False,335,TOP,True
IT,it_page_341.png,341,,,AMBIGUOUS,2,336,TOP,EDGE_AMBIGUOUS,EDGE_VISUAL,5,IT_328_371,5,STRONG,,VISUALLY_RESOLVED,False,336,TOP,True
IT,it_page_342.png,342,,,AMBIGUOUS,2,337,TOP,EDGE_AMBIGUOUS,EDGE_VISUAL,5,IT_328_371,5,STRONG,,VISUALLY_RESOLVED,False,337,TOP,True
IT,it_page_343.png,343,,,AMBIGUOUS,2,338,TOP,EDGE_AMBIGUOUS,EDGE_VISUAL,5,IT_328_371,5,STRONG,,VISUALLY_RESOLVED,False,338,TOP,True
IT,it_page_344.png,344,,,AMBIGUOUS,2,339,TOP,EDGE_AMBIGUOUS,EDGE_VISUAL,5,IT_328_371,5,STRONG,,VISUALLY_RESOLVED,False,339,TOP,True
IT,it_page_345.png,345,,,AMBIGUOUS,2,340,TOP,EDGE_AMBIGUOUS,EDGE_VISUAL,5,IT_328_371,5,STRONG,,VISUALLY_RESOLVED,False,340,TOP,True
IT,it_page_346.png,346,,,AMBIGUOUS,2,341,TOP,EDGE_AMBIGUOUS,EDGE_VISUAL,5,IT_328_371,5,STRONG,,VISUALLY_RESOLVED,False,341,TOP,True
IT,it_page_347.png,347,,,AMBIGUOUS,2,342,TOP,EDGE_AMBIGUOUS,EDGE_VISUAL,5,IT_328_371,5,STRONG,,VISUALLY_RESOLVED,False,342,TOP,True
IT,it_page_348.png,348,,,AMBIGUOUS,2,343,TOP,EDGE_AMBIGUOUS,EDGE_VISUAL,5,IT_328_371,5,STRONG,,VISUALLY_RESOLVED,False,343,TOP,True
IT,it_page_349.png,349,,,AMBIGUOUS,2,344,TOP,EDGE_AMBIGUOUS,EDGE_VISUAL,5,IT_328_371,5,STRONG,,VISUALLY_RESOLVED,False,344,TOP,True
IT,it_page_350.png,350,,,AMBIGUOUS,2,345,TOP,EDGE_AMBIGUOUS,EDGE_VISUAL,5,IT_328_371,5,STRONG,,VISUALLY_RESOLVED,False,345,TOP,True
IT,it_page_351.png,351,,,AMBIGUOUS,2,346,TOP,EDGE_AMBIGUOUS,EDGE_VISUAL,5,IT_328_371,5,STRONG,,VISUALLY_RESOLVED,False,346,TOP,True
IT,it_page_352.png,352,,,AMBIGUOUS,2,347,TOP,EDGE_AMBIGUOUS,EDGE_VISUAL,5,IT_328_371,5,STRONG,,VISUALLY_RESOLVED,False,347,TOP,True
IT,it_page_353.png,353,,,AMBIGUOUS,2,348,TOP,EDGE_AMBIGUOUS,EDGE_VISUAL,5,IT_328_371,5,STRONG,,VISUALLY_RESOLVED,False,348,TOP,True
IT,it_page_354.png,354,,,AMBIGUOUS,2,349,TOP,EDGE_AMBIGUOUS,EDGE_VISUAL,5,IT_328_371,5,STRONG,,VISUALLY_RESOLVED,False,349,TOP,True
IT,it_page_355.png,355,,,AMBIGUOUS,2,350,TOP,EDGE_AMBIGUOUS,EDGE_VISUAL,5,IT_328_371,5,STRONG,,VISUALLY_RESOLVED,False,350,TOP,True
IT,it_page_356.png,356,,,AMBIGUOUS,2,351,TOP,EDGE_AMBIGUOUS,EDGE_VISUAL,5,IT_328_371,5,STRONG,,VISUALLY_RESOLVED,False,351,TOP,True
IT,it_page_357.png,357,,,AMBIGUOUS,2,352,TOP,EDGE_AMBIGUOUS,EDGE_VISUAL,5,IT_328_371,5,STRONG,,VISUALLY_RESOLVED,False,352,TOP,True
IT,it_page_358.png,358,,,AMBIGUOUS,2,353,TOP,EDGE_AMBIGUOUS,EDGE_VISUAL,5,IT_328_371,5,STRONG,,VISUALLY_RESOLVED,False,353,TOP,True
IT,it_page_359.png,359,,,AMBIGUOUS,2,354,TOP,EDGE_AMBIGUOUS,EDGE_VISUAL,5,IT_328_371,5,STRONG,,VISUALLY_RESOLVED,False,354,TOP,True
IT,it_page_360.png,360,,,AMBIGUOUS,2,355,TOP,EDGE_AMBIGUOUS,EDGE_VISUAL,5,IT_328_371,5,STRONG,,VISUALLY_RESOLVED,False,355,TOP,True
IT,it_page_361.png,361,,,AMBIGUOUS,2,356,TOP,EDGE_AMBIGUOUS,EDGE_VISUAL,5,IT_328_371,5,STRONG,,VISUALLY_RESOLVED,False,356,TOP,True
IT,it_page_362.png,362,,,AMBIGUOUS,2,357,TOP,EDGE_AMBIGUOUS,EDGE_VISUAL,5,IT_328_371,5,STRONG,,VISUALLY_RESOLVED,False,357,TOP,True
IT,it_page_363.png,363,,,AMBIGUOUS,2,358,TOP,EDGE_AMBIGUOUS,EDGE_VISUAL,5,IT_328_371,5,STRONG,,VISUALLY_RESOLVED,False,358,TOP,True
IT,it_page_364.png,364,,,AMBIGUOUS,2,359,TOP,EDGE_AMBIGUOUS,EDGE_VISUAL,5,IT_328_371,5,STRONG,,VISUALLY_RESOLVED,False,359,TOP,True
IT,it_page_365.png,365,,,AMBIGUOUS,2,360,TOP,EDGE_AMBIGUOUS,EDGE_VISUAL,5,IT_328_371,5,STRONG,,VISUALLY_RESOLVED,False,360,TOP,True
IT,it_page_366.png,366,,,AMBIGUOUS,2,361,TOP,EDGE_AMBIGUOUS,EDGE_VISUAL,5,IT_328_371,5,STRONG,,VISUALLY_RESOLVED,False,361,TOP,True
IT,it_page_367.png,367,,,AMBIGUOUS,2,362,TOP,EDGE_AMBIGUOUS,EDGE_VISUAL,5,IT_328_371,5,STRONG,,VISUALLY_RESOLVED,False,362,TOP,True
IT,it_page_368.png,368,,,AMBIGUOUS,2,363,TOP,EDGE_AMBIGUOUS,EDGE_VISUAL,5,IT_328_371,5,STRONG,,VISUALLY_RESOLVED,False,363,TOP,True
IT,it_page_369.png,369,,,AMBIGUOUS,2,364,TOP,EDGE_AMBIGUOUS,EDGE_VISUAL,5,IT_328_371,5,STRONG,,VISUALLY_RESOLVED,False,364,TOP,True
IT,it_page_370.png,370,,,AMBIGUOUS,2,365,TOP,EDGE_AMBIGUOUS,EDGE_VISUAL,5,IT_328_371,5,STRONG,,VISUALLY_RESOLVED,False,365,TOP,True
IT,it_page_371.png,371,,,AMBIGUOUS,2,366,TOP,EDGE_AMBIGUOUS,EDGE_VISUAL,5,IT_328_371,5,STRONG,,VISUALLY_RESOLVED,False,366,TOP,True
